filename,width,height,class,xmin,ymin,xmax,ymax
Australian_Garden_Orb_Weaver_Spider_0.jpg,600,600,Garden Orb Weaver Spider,78,129,559,504
Australian_Garden_Orb_Weaver_Spider_10.jpg,600,600,Garden Orb Weaver Spider,126,8,459,527
Australian_Garden_Orb_Weaver_Spider_102.jpg,600,600,Garden Orb Weaver Spider,99,201,288,370
Australian_Garden_Orb_Weaver_Spider_104.jpg,600,600,Garden Orb Weaver Spider,33,23,565,568
Australian_Garden_Orb_Weaver_Spider_106.jpg,600,600,Garden Orb Weaver Spider,206,202,409,436
Australian_Garden_Orb_Weaver_Spider_108.jpg,600,600,Garden Orb Weaver Spider,178,60,470,490
Australian_Garden_Orb_Weaver_Spider_110.jpg,600,600,Garden Orb Weaver Spider,112,40,479,568
Australian_Garden_Orb_Weaver_Spider_112.jpg,600,600,Garden Orb Weaver Spider,172,47,458,514
Australian_Garden_Orb_Weaver_Spider_114.jpg,600,600,Garden Orb Weaver Spider,122,65,486,522
Australian_Garden_Orb_Weaver_Spider_116.jpg,600,600,Garden Orb Weaver Spider,122,178,432,578
Australian_Garden_Orb_Weaver_Spider_118.jpg,600,600,Garden Orb Weaver Spider,98,49,514,548
Australian_Garden_Orb_Weaver_Spider_12.jpg,600,600,Garden Orb Weaver Spider,122,91,488,479
Australian_Garden_Orb_Weaver_Spider_120.jpg,600,600,Garden Orb Weaver Spider,149,55,433,405
Australian_Garden_Orb_Weaver_Spider_122.jpg,600,600,Garden Orb Weaver Spider,260,208,372,387
Australian_Garden_Orb_Weaver_Spider_124.jpg,600,600,Garden Orb Weaver Spider,114,36,486,557
Australian_Garden_Orb_Weaver_Spider_126.jpg,600,600,Garden Orb Weaver Spider,170,112,449,522
Australian_Garden_Orb_Weaver_Spider_128.jpg,600,600,Garden Orb Weaver Spider,181,76,457,492
Australian_Garden_Orb_Weaver_Spider_130.jpg,600,600,Garden Orb Weaver Spider,230,78,381,469
Australian_Garden_Orb_Weaver_Spider_132.jpg,600,600,Garden Orb Weaver Spider,114,114,329,470
Australian_Garden_Orb_Weaver_Spider_134.jpg,600,600,Garden Orb Weaver Spider,192,188,399,463
Australian_Garden_Orb_Weaver_Spider_136.jpg,600,600,Garden Orb Weaver Spider,86,81,462,467
Australian_Garden_Orb_Weaver_Spider_138.jpg,600,600,Garden Orb Weaver Spider,176,235,438,426
Australian_Garden_Orb_Weaver_Spider_14.jpg,600,600,Garden Orb Weaver Spider,122,66,458,441
Australian_Garden_Orb_Weaver_Spider_140.jpg,600,600,Garden Orb Weaver Spider,57,47,518,569
Australian_Garden_Orb_Weaver_Spider_142.jpg,600,600,Garden Orb Weaver Spider,62,135,372,550
Australian_Garden_Orb_Weaver_Spider_144.jpg,600,600,Garden Orb Weaver Spider,127,34,475,539
Australian_Garden_Orb_Weaver_Spider_146.jpg,600,600,Garden Orb Weaver Spider,178,95,507,517
Australian_Garden_Orb_Weaver_Spider_148.jpg,600,600,Garden Orb Weaver Spider,101,152,496,523
Australian_Garden_Orb_Weaver_Spider_150.jpg,600,600,Garden Orb Weaver Spider,9,30,597,584
Australian_Garden_Orb_Weaver_Spider_152.jpg,600,600,Garden Orb Weaver Spider,178,26,430,565
Australian_Garden_Orb_Weaver_Spider_16.jpg,600,600,Garden Orb Weaver Spider,53,43,551,529
Australian_Garden_Orb_Weaver_Spider_18.jpg,600,600,Garden Orb Weaver Spider,33,14,499,574
Australian_Garden_Orb_Weaver_Spider_2.jpg,600,600,Garden Orb Weaver Spider,170,144,516,478
Australian_Garden_Orb_Weaver_Spider_20.jpg,600,600,Garden Orb Weaver Spider,140,173,519,550
Australian_Garden_Orb_Weaver_Spider_22.jpg,600,600,Garden Orb Weaver Spider,228,191,381,436
Australian_Garden_Orb_Weaver_Spider_24.jpg,600,600,Garden Orb Weaver Spider,96,147,491,472
Australian_Garden_Orb_Weaver_Spider_26.jpg,600,600,Garden Orb Weaver Spider,101,65,499,519
Australian_Garden_Orb_Weaver_Spider_28.jpg,600,600,Garden Orb Weaver Spider,136,191,422,459
Australian_Garden_Orb_Weaver_Spider_30.jpg,600,600,Garden Orb Weaver Spider,142,31,480,558
Australian_Garden_Orb_Weaver_Spider_32.jpg,600,600,Garden Orb Weaver Spider,154,110,449,539
Australian_Garden_Orb_Weaver_Spider_34.jpg,600,600,Garden Orb Weaver Spider,162,72,365,452
Australian_Garden_Orb_Weaver_Spider_36.jpg,600,600,Garden Orb Weaver Spider,179,69,429,555
Australian_Garden_Orb_Weaver_Spider_38.jpg,600,600,Garden Orb Weaver Spider,22,82,600,597
Australian_Garden_Orb_Weaver_Spider_4.jpg,600,600,Garden Orb Weaver Spider,55,78,558,492
Australian_Garden_Orb_Weaver_Spider_40.jpg,600,600,Garden Orb Weaver Spider,221,180,400,425
Australian_Garden_Orb_Weaver_Spider_42.jpg,600,600,Garden Orb Weaver Spider,144,102,470,500
Australian_Garden_Orb_Weaver_Spider_44.jpg,600,600,Garden Orb Weaver Spider,167,58,496,495
Australian_Garden_Orb_Weaver_Spider_46.jpg,600,600,Garden Orb Weaver Spider,157,168,381,436
Australian_Garden_Orb_Weaver_Spider_48.jpg,600,600,Garden Orb Weaver Spider,107,52,551,542
Australian_Garden_Orb_Weaver_Spider_50.jpg,600,600,Garden Orb Weaver Spider,46,70,558,524
Australian_Garden_Orb_Weaver_Spider_52.jpg,600,600,Garden Orb Weaver Spider,241,53,469,566
Australian_Garden_Orb_Weaver_Spider_54.jpg,600,600,Garden Orb Weaver Spider,41,35,552,562
Australian_Garden_Orb_Weaver_Spider_56.jpg,600,600,Garden Orb Weaver Spider,168,28,429,563
Australian_Garden_Orb_Weaver_Spider_58.jpg,600,600,Garden Orb Weaver Spider,202,205,320,464
Australian_Garden_Orb_Weaver_Spider_6.jpg,600,600,Garden Orb Weaver Spider,91,77,485,476
Australian_Garden_Orb_Weaver_Spider_60.jpg,600,600,Garden Orb Weaver Spider,33,34,540,547
Australian_Garden_Orb_Weaver_Spider_62.jpg,600,600,Garden Orb Weaver Spider,200,102,409,534
Australian_Garden_Orb_Weaver_Spider_64.jpg,600,600,Garden Orb Weaver Spider,58,35,545,518
Australian_Garden_Orb_Weaver_Spider_66.jpg,600,600,Garden Orb Weaver Spider,245,162,407,486
Australian_Garden_Orb_Weaver_Spider_68.jpg,600,600,Garden Orb Weaver Spider,75,181,514,591
Australian_Garden_Orb_Weaver_Spider_70.jpg,600,600,Garden Orb Weaver Spider,104,85,535,512
Australian_Garden_Orb_Weaver_Spider_72.jpg,600,600,Garden Orb Weaver Spider,210,133,447,419
Australian_Garden_Orb_Weaver_Spider_74.jpg,600,600,Garden Orb Weaver Spider,180,80,461,523
Australian_Garden_Orb_Weaver_Spider_76.jpg,600,600,Garden Orb Weaver Spider,173,137,418,556
Australian_Garden_Orb_Weaver_Spider_78.jpg,600,600,Garden Orb Weaver Spider,181,192,296,470
Australian_Garden_Orb_Weaver_Spider_8.jpg,600,600,Garden Orb Weaver Spider,189,177,450,502
Australian_Garden_Orb_Weaver_Spider_80.jpg,600,600,Garden Orb Weaver Spider,220,129,387,415
Australian_Garden_Orb_Weaver_Spider_82.jpg,600,600,Garden Orb Weaver Spider,280,106,436,447
Australian_Garden_Orb_Weaver_Spider_84.jpg,600,600,Garden Orb Weaver Spider,199,23,407,552
Australian_Garden_Orb_Weaver_Spider_86.jpg,600,600,Garden Orb Weaver Spider,151,44,433,491
Australian_Garden_Orb_Weaver_Spider_88.jpg,600,600,Garden Orb Weaver Spider,28,26,591,566
Australian_Garden_Orb_Weaver_Spider_90.jpg,600,600,Garden Orb Weaver Spider,98,58,546,502
Australian_Garden_Orb_Weaver_Spider_92.jpg,600,600,Garden Orb Weaver Spider,228,189,372,421
Australian_Garden_Orb_Weaver_Spider_94.jpg,600,600,Garden Orb Weaver Spider,188,181,454,412
Australian_Garden_Orb_Weaver_Spider_96.jpg,600,600,Garden Orb Weaver Spider,220,74,457,548
Australian_Garden_Orb_Weaver_Spider_98.jpg,600,600,Garden Orb Weaver Spider,134,64,449,472
Australian_Tarantula_Spider_0.jpg,600,600,Tarantula Spider,44,41,573,539
Australian_Tarantula_Spider_10.jpg,600,600,Tarantula Spider,111,163,519,509
Australian_Tarantula_Spider_100.jpg,600,600,Tarantula Spider,6,111,600,550
Australian_Tarantula_Spider_102.jpg,600,600,Tarantula Spider,123,30,541,567
Australian_Tarantula_Spider_104.jpg,600,600,Tarantula Spider,54,101,572,553
Australian_Tarantula_Spider_106.jpg,600,600,Tarantula Spider,22,34,582,573
Australian_Tarantula_Spider_108.jpg,600,600,Tarantula Spider,114,82,521,407
Australian_Tarantula_Spider_110.jpg,600,600,Tarantula Spider,102,50,483,531
Australian_Tarantula_Spider_112.jpg,600,600,Tarantula Spider,25,36,598,557
Australian_Tarantula_Spider_114.jpg,600,600,Tarantula Spider,112,19,551,591
Australian_Tarantula_Spider_116.jpg,600,600,Tarantula Spider,58,41,547,524
Australian_Tarantula_Spider_118.jpg,600,600,Tarantula Spider,26,9,596,592
Australian_Tarantula_Spider_12.jpg,600,600,Tarantula Spider,81,104,551,497
Australian_Tarantula_Spider_120.jpg,600,600,Tarantula Spider,46,81,562,547
Australian_Tarantula_Spider_122.jpg,600,600,Tarantula Spider,42,16,525,578
Australian_Tarantula_Spider_124.jpg,600,600,Tarantula Spider,107,33,500,575
Australian_Tarantula_Spider_126.jpg,600,600,Tarantula Spider,79,138,526,439
Australian_Tarantula_Spider_128.jpg,600,600,Tarantula Spider,46,130,589,516
Australian_Tarantula_Spider_130.jpg,600,600,Tarantula Spider,201,96,394,482
Australian_Tarantula_Spider_132.jpg,600,600,Tarantula Spider,146,53,487,534
Australian_Tarantula_Spider_134.jpg,600,600,Tarantula Spider,75,62,519,472
Australian_Tarantula_Spider_136.jpg,600,600,Tarantula Spider,59,115,488,501
Australian_Tarantula_Spider_138.jpg,600,600,Tarantula Spider,109,15,502,546
Australian_Tarantula_Spider_14.jpg,600,600,Tarantula Spider,116,31,504,552
Australian_Tarantula_Spider_140.jpg,600,600,Tarantula Spider,49,45,559,568
Australian_Tarantula_Spider_142.jpg,600,600,Tarantula Spider,94,47,536,518
Australian_Tarantula_Spider_144.jpg,600,600,Tarantula Spider,120,155,414,528
Australian_Tarantula_Spider_146.jpg,600,600,Tarantula Spider,86,46,471,560
Australian_Tarantula_Spider_148.jpg,600,600,Tarantula Spider,50,40,536,567
Australian_Tarantula_Spider_150.jpg,600,600,Tarantula Spider,67,65,528,557
Australian_Tarantula_Spider_152.jpg,600,600,Tarantula Spider,131,36,575,539
Australian_Tarantula_Spider_154.jpg,600,600,Tarantula Spider,93,191,574,540
Australian_Tarantula_Spider_156.jpg,600,600,Tarantula Spider,79,128,517,571
Australian_Tarantula_Spider_158.jpg,600,600,Tarantula Spider,41,41,562,563
Australian_Tarantula_Spider_16.jpg,600,600,Tarantula Spider,75,100,548,480
Australian_Tarantula_Spider_160.jpg,600,600,Tarantula Spider,132,205,432,556
Australian_Tarantula_Spider_162.jpg,600,600,Tarantula Spider,43,52,418,557
Australian_Tarantula_Spider_164.jpg,600,600,Tarantula Spider,74,74,513,500
Australian_Tarantula_Spider_18.jpg,600,600,Tarantula Spider,36,109,590,584
Australian_Tarantula_Spider_2.jpg,600,600,Tarantula Spider,34,54,376,563
Australian_Tarantula_Spider_20.jpg,600,600,Tarantula Spider,59,57,557,549
Australian_Tarantula_Spider_22.jpg,600,600,Tarantula Spider,30,53,564,519
Australian_Tarantula_Spider_24.jpg,600,600,Tarantula Spider,71,78,493,478
Australian_Tarantula_Spider_26.jpg,600,600,Tarantula Spider,58,47,509,535
Australian_Tarantula_Spider_28.jpg,600,600,Tarantula Spider,51,64,531,483
Australian_Tarantula_Spider_30.jpg,600,600,Tarantula Spider,47,42,570,536
Australian_Tarantula_Spider_32.jpg,600,600,Tarantula Spider,137,44,542,561
Australian_Tarantula_Spider_34.jpg,600,600,Tarantula Spider,48,34,564,543
Australian_Tarantula_Spider_36.jpg,600,600,Tarantula Spider,110,54,486,547
Australian_Tarantula_Spider_38.jpg,600,600,Tarantula Spider,137,69,490,537
Australian_Tarantula_Spider_4.jpg,600,600,Tarantula Spider,62,30,529,566
Australian_Tarantula_Spider_40.jpg,600,600,Tarantula Spider,143,48,482,564
Australian_Tarantula_Spider_42.jpg,600,600,Tarantula Spider,38,28,549,567
Australian_Tarantula_Spider_44.jpg,600,600,Tarantula Spider,51,59,540,559
Australian_Tarantula_Spider_46.jpg,600,600,Tarantula Spider,101,71,548,528
Australian_Tarantula_Spider_48.jpg,600,600,Tarantula Spider,84,90,514,551
Australian_Tarantula_Spider_50.jpg,600,600,Tarantula Spider,192,145,411,485
Australian_Tarantula_Spider_52.jpg,600,600,Tarantula Spider,64,105,535,466
Australian_Tarantula_Spider_54.jpg,600,600,Tarantula Spider,94,181,587,480
Australian_Tarantula_Spider_56.jpg,600,600,Tarantula Spider,119,67,567,519
Australian_Tarantula_Spider_58.jpg,600,600,Tarantula Spider,33,9,589,534
Australian_Tarantula_Spider_6.jpg,600,600,Tarantula Spider,114,82,522,499
Australian_Tarantula_Spider_64.jpg,600,600,Tarantula Spider,24,17,545,542
Australian_Tarantula_Spider_66.jpg,600,600,Tarantula Spider,41,37,585,564
Australian_Tarantula_Spider_68.jpg,600,600,Tarantula Spider,94,5,503,600
Australian_Tarantula_Spider_70.jpg,600,600,Tarantula Spider,83,56,503,542
Australian_Tarantula_Spider_72.jpg,600,600,Tarantula Spider,67,74,522,515
Australian_Tarantula_Spider_74.jpg,600,600,Tarantula Spider,101,10,578,567
Australian_Tarantula_Spider_76.jpg,600,600,Tarantula Spider,49,22,555,562
Australian_Tarantula_Spider_8.jpg,600,600,Tarantula Spider,60,17,568,573
Australian_Tarantula_Spider_80.jpg,600,600,Tarantula Spider,132,20,505,591
Australian_Tarantula_Spider_82.jpg,600,600,Tarantula Spider,131,26,525,575
Australian_Tarantula_Spider_84.jpg,600,600,Tarantula Spider,148,81,538,519
Australian_Tarantula_Spider_86.jpg,600,600,Tarantula Spider,44,4,565,571
Australian_Tarantula_Spider_88.jpg,600,600,Tarantula Spider,62,23,517,586
Australian_Tarantula_Spider_90.jpg,600,600,Tarantula Spider,108,37,545,489
Australian_Tarantula_Spider_92.jpg,600,600,Tarantula Spider,133,28,527,541
Australian_Tarantula_Spider_94.jpg,600,600,Tarantula Spider,46,25,519,509
Australian_Tarantula_Spider_96.jpg,600,600,Tarantula Spider,100,148,532,462
Australian_Tarantula_Spider_98.jpg,600,600,Tarantula Spider,60,116,526,489
Australia_Redback_Spider_0.jpg,600,600,Redback Spider,341,14,479,508
Australia_Redback_Spider_10.jpg,600,600,Redback Spider,172,107,381,383
Australia_Redback_Spider_100.jpg,600,600,Redback Spider,65,149,536,459
Australia_Redback_Spider_104.jpg,600,600,Redback Spider,1,2,355,600
Australia_Redback_Spider_106.jpg,600,600,Redback Spider,211,3,511,558
Australia_Redback_Spider_108.jpg,600,600,Redback Spider,57,15,529,556
Australia_Redback_Spider_110.jpg,600,600,Redback Spider,39,107,537,543
Australia_Redback_Spider_112.jpg,600,600,Redback Spider,143,346,315,589
Australia_Redback_Spider_114.jpg,600,600,Redback Spider,108,41,472,515
Australia_Redback_Spider_116.jpg,600,600,Redback Spider,110,39,447,560
Australia_Redback_Spider_118.jpg,600,600,Redback Spider,34,17,566,568
Australia_Redback_Spider_12.jpg,600,600,Redback Spider,21,53,572,549
Australia_Redback_Spider_120.jpg,600,600,Redback Spider,182,130,411,393
Australia_Redback_Spider_122.jpg,600,600,Redback Spider,56,139,578,424
Australia_Redback_Spider_124.jpg,600,600,Redback Spider,59,13,541,589
Australia_Redback_Spider_126.jpg,600,600,Redback Spider,56,106,566,536
Australia_Redback_Spider_128.jpg,600,600,Redback Spider,26,86,491,490
Australia_Redback_Spider_130.jpg,600,600,Redback Spider,141,47,468,535
Australia_Redback_Spider_132.jpg,600,600,Redback Spider,90,194,523,427
Australia_Redback_Spider_134.jpg,600,600,Redback Spider,86,19,567,512
Australia_Redback_Spider_136.jpg,600,600,Redback Spider,30,13,553,590
Australia_Redback_Spider_138.jpg,600,600,Redback Spider,101,7,521,560
Australia_Redback_Spider_14.jpg,600,600,Redback Spider,306,154,559,562
Australia_Redback_Spider_140.jpg,600,600,Redback Spider,64,89,464,537
Australia_Redback_Spider_142.jpg,600,600,Redback Spider,37,74,330,514
Australia_Redback_Spider_144.jpg,600,600,Redback Spider,183,147,298,410
Australia_Redback_Spider_146.jpg,600,600,Redback Spider,49,19,578,583
Australia_Redback_Spider_148.jpg,600,600,Redback Spider,177,56,394,582
Australia_Redback_Spider_150.jpg,600,600,Redback Spider,36,120,557,456
Australia_Redback_Spider_152.jpg,600,600,Redback Spider,33,2,559,588
Australia_Redback_Spider_154.jpg,600,600,Redback Spider,7,7,283,586
Australia_Redback_Spider_156.jpg,600,600,Redback Spider,120,74,547,470
Australia_Redback_Spider_158.jpg,600,600,Redback Spider,72,61,527,498
Australia_Redback_Spider_16.jpg,600,600,Redback Spider,222,81,546,461
Australia_Redback_Spider_160.jpg,600,600,Redback Spider,72,38,539,552
Australia_Redback_Spider_162.jpg,600,600,Redback Spider,209,131,409,577
Australia_Redback_Spider_164.jpg,600,600,Redback Spider,33,84,491,493
Australia_Redback_Spider_166.jpg,600,600,Redback Spider,91,63,555,501
Australia_Redback_Spider_168.jpg,600,600,Redback Spider,12,36,583,550
Australia_Redback_Spider_170.jpg,600,600,Redback Spider,264,110,507,571
Australia_Redback_Spider_172.jpg,600,600,Redback Spider,209,7,476,503
Australia_Redback_Spider_174.jpg,600,600,Redback Spider,56,93,516,549
Australia_Redback_Spider_176.jpg,600,600,Redback Spider,188,10,535,590
Australia_Redback_Spider_178.jpg,600,600,Redback Spider,308,26,593,559
Australia_Redback_Spider_180.jpg,600,600,Redback Spider,36,44,484,484
Australia_Redback_Spider_182.jpg,600,600,Redback Spider,57,96,538,462
Australia_Redback_Spider_184.jpg,600,600,Redback Spider,53,97,530,576
Australia_Redback_Spider_186.jpg,600,600,Redback Spider,22,47,540,571
Australia_Redback_Spider_188.jpg,600,600,Redback Spider,225,65,404,484
Australia_Redback_Spider_190.jpg,600,600,Redback Spider,35,177,488,586
Australia_Redback_Spider_192.jpg,600,600,Redback Spider,43,5,486,555
Australia_Redback_Spider_194.jpg,600,600,Redback Spider,143,91,454,429
Australia_Redback_Spider_196.jpg,600,600,Redback Spider,66,55,543,562
Australia_Redback_Spider_198.jpg,600,600,Redback Spider,132,102,572,384
Australia_Redback_Spider_2.jpg,600,600,Redback Spider,145,89,575,446
Australia_Redback_Spider_20.jpg,600,600,Redback Spider,90,11,526,555
Australia_Redback_Spider_22.jpg,600,600,Redback Spider,22,29,586,571
Australia_Redback_Spider_24.jpg,600,600,Redback Spider,16,18,579,582
Australia_Redback_Spider_26.jpg,600,600,Redback Spider,91,72,480,575
Australia_Redback_Spider_28.jpg,600,600,Redback Spider,22,52,518,412
Australia_Redback_Spider_30.jpg,600,600,Redback Spider,55,99,553,497
Australia_Redback_Spider_32.jpg,600,600,Redback Spider,17,6,590,582
Australia_Redback_Spider_34.jpg,600,600,Redback Spider,104,64,554,498
Australia_Redback_Spider_36.jpg,600,600,Redback Spider,18,56,585,526
Australia_Redback_Spider_38.jpg,600,600,Redback Spider,72,118,464,561
Australia_Redback_Spider_4.jpg,600,600,Redback Spider,7,1,274,600
Australia_Redback_Spider_40.jpg,600,600,Redback Spider,85,42,487,539
Australia_Redback_Spider_42.jpg,600,600,Redback Spider,80,126,516,443
Australia_Redback_Spider_44.jpg,600,600,Redback Spider,75,100,532,507
Australia_Redback_Spider_46.jpg,600,600,Redback Spider,43,7,572,567
Australia_Redback_Spider_48.jpg,600,600,Redback Spider,49,183,544,539
Australia_Redback_Spider_50.jpg,600,600,Redback Spider,253,99,471,552
Australia_Redback_Spider_52.jpg,600,600,Redback Spider,10,3,582,586
Australia_Redback_Spider_54.jpg,600,600,Redback Spider,16,26,583,576
Australia_Redback_Spider_56.jpg,600,600,Redback Spider,203,26,391,544
Australia_Redback_Spider_58.jpg,600,600,Redback Spider,54,144,501,383
Australia_Redback_Spider_6.jpg,600,600,Redback Spider,72,34,567,562
Australia_Redback_Spider_60.jpg,600,600,Redback Spider,122,36,536,464
Australia_Redback_Spider_62.jpg,600,600,Redback Spider,89,40,588,437
Australia_Redback_Spider_64.jpg,600,600,Redback Spider,233,97,431,547
Australia_Redback_Spider_66.jpg,600,600,Redback Spider,36,3,564,591
Australia_Redback_Spider_68.jpg,600,600,Redback Spider,189,75,407,297
Australia_Redback_Spider_70.jpg,600,600,Redback Spider,82,80,550,552
Australia_Redback_Spider_72.jpg,600,600,Redback Spider,114,137,397,474
Australia_Redback_Spider_74.jpg,600,600,Redback Spider,154,118,311,331
Australia_Redback_Spider_76.jpg,600,600,Redback Spider,33,52,565,542
Australia_Redback_Spider_78.jpg,600,600,Redback Spider,22,142,558,524
Australia_Redback_Spider_8.jpg,600,600,Redback Spider,64,23,588,468
Australia_Redback_Spider_80.jpg,600,600,Redback Spider,17,15,559,565
Australia_Redback_Spider_82.jpg,600,600,Redback Spider,64,113,512,530
Australia_Redback_Spider_84.jpg,600,600,Redback Spider,210,132,422,438
Australia_Redback_Spider_86.jpg,600,600,Redback Spider,199,126,535,455
Australia_Redback_Spider_88.jpg,600,600,Redback Spider,102,79,509,515
Australia_Redback_Spider_90.jpg,600,600,Redback Spider,76,131,524,511
Australia_Redback_Spider_92.jpg,600,600,Redback Spider,15,10,533,561
Australia_Redback_Spider_94.jpg,600,600,Redback Spider,189,84,480,445
Australia_Redback_Spider_96.jpg,600,600,Redback Spider,104,39,552,552
Australia_Redback_Spider_98.jpg,600,600,Redback Spider,162,106,405,418
Australia_White-Tailed_Spider_0.jpg,600,600,White-Tailed Spider,26,60,588,555
Australia_White-Tailed_Spider_10.jpg,600,600,White-Tailed Spider,124,48,526,535
Australia_White-Tailed_Spider_100.jpg,600,600,White-Tailed Spider,118,73,442,559
Australia_White-Tailed_Spider_104.jpg,600,600,White-Tailed Spider,20,65,580,575
Australia_White-Tailed_Spider_106.jpg,600,600,White-Tailed Spider,138,87,474,533
Australia_White-Tailed_Spider_108.jpg,600,600,White-Tailed Spider,102,139,570,423
Australia_White-Tailed_Spider_110.jpg,600,600,White-Tailed Spider,36,122,562,543
Australia_White-Tailed_Spider_112.jpg,600,600,White-Tailed Spider,63,98,571,534
Australia_White-Tailed_Spider_114.jpg,600,600,White-Tailed Spider,161,91,422,536
Australia_White-Tailed_Spider_116.jpg,600,600,White-Tailed Spider,87,73,519,536
Australia_White-Tailed_Spider_118.jpg,600,600,White-Tailed Spider,197,94,399,517
Australia_White-Tailed_Spider_12.jpg,600,600,White-Tailed Spider,93,57,564,527
Australia_White-Tailed_Spider_120.jpg,600,600,White-Tailed Spider,92,141,486,524
Australia_White-Tailed_Spider_122.jpg,600,600,White-Tailed Spider,142,113,440,494
Australia_White-Tailed_Spider_124.jpg,600,600,White-Tailed Spider,166,216,351,446
Australia_White-Tailed_Spider_126.jpg,600,600,White-Tailed Spider,72,38,589,583
Australia_White-Tailed_Spider_128.jpg,600,600,White-Tailed Spider,114,54,562,553
Australia_White-Tailed_Spider_130.jpg,600,600,White-Tailed Spider,142,28,497,499
Australia_White-Tailed_Spider_132.jpg,600,600,White-Tailed Spider,43,63,549,557
Australia_White-Tailed_Spider_134.jpg,600,600,White-Tailed Spider,46,117,578,530
Australia_White-Tailed_Spider_136.jpg,600,600,White-Tailed Spider,101,126,492,559
Australia_White-Tailed_Spider_138.jpg,600,600,White-Tailed Spider,96,194,513,550
Australia_White-Tailed_Spider_14.jpg,600,600,White-Tailed Spider,37,24,576,554
Australia_White-Tailed_Spider_140.jpg,600,600,White-Tailed Spider,54,29,522,573
Australia_White-Tailed_Spider_142.jpg,600,600,White-Tailed Spider,41,39,559,546
Australia_White-Tailed_Spider_144.jpg,600,600,White-Tailed Spider,36,144,531,391
Australia_White-Tailed_Spider_146.jpg,600,600,White-Tailed Spider,12,28,596,509
Australia_White-Tailed_Spider_148.jpg,600,600,White-Tailed Spider,43,95,583,570
Australia_White-Tailed_Spider_16.jpg,600,600,White-Tailed Spider,111,28,546,568
Australia_White-Tailed_Spider_18.jpg,600,600,White-Tailed Spider,57,57,538,557
Australia_White-Tailed_Spider_2.jpg,600,600,White-Tailed Spider,94,60,528,552
Australia_White-Tailed_Spider_20.jpg,600,600,White-Tailed Spider,33,36,589,564
Australia_White-Tailed_Spider_22.jpg,600,600,White-Tailed Spider,97,43,407,575
Australia_White-Tailed_Spider_24.jpg,600,600,White-Tailed Spider,92,110,436,507
Australia_White-Tailed_Spider_26.jpg,600,600,White-Tailed Spider,130,22,489,523
Australia_White-Tailed_Spider_28.jpg,600,600,White-Tailed Spider,48,107,567,551
Australia_White-Tailed_Spider_30.jpg,600,600,White-Tailed Spider,42,15,555,575
Australia_White-Tailed_Spider_32.jpg,600,600,White-Tailed Spider,116,14,488,572
Australia_White-Tailed_Spider_34.jpg,600,600,White-Tailed Spider,170,156,443,482
Australia_White-Tailed_Spider_36.jpg,600,600,White-Tailed Spider,166,27,444,562
Australia_White-Tailed_Spider_38.jpg,600,600,White-Tailed Spider,101,118,455,515
Australia_White-Tailed_Spider_4.jpg,600,600,White-Tailed Spider,43,11,550,571
Australia_White-Tailed_Spider_40.jpg,600,600,White-Tailed Spider,73,84,546,504
Australia_White-Tailed_Spider_42.jpg,600,600,White-Tailed Spider,67,40,545,558
Australia_White-Tailed_Spider_44.jpg,600,600,White-Tailed Spider,34,33,575,558
Australia_White-Tailed_Spider_46.jpg,600,600,White-Tailed Spider,46,73,570,531
Australia_White-Tailed_Spider_48.jpg,600,600,White-Tailed Spider,35,84,535,510
Australia_White-Tailed_Spider_50.jpg,600,600,White-Tailed Spider,117,41,488,558
Australia_White-Tailed_Spider_52.jpg,600,600,White-Tailed Spider,44,68,566,523
Australia_White-Tailed_Spider_54.jpg,600,600,White-Tailed Spider,104,17,522,584
Australia_White-Tailed_Spider_56.jpg,600,600,White-Tailed Spider,75,78,522,554
Australia_White-Tailed_Spider_58.jpg,600,600,White-Tailed Spider,111,20,539,580
Australia_White-Tailed_Spider_6.jpg,600,600,White-Tailed Spider,130,10,570,548
Australia_White-Tailed_Spider_60.jpg,600,600,White-Tailed Spider,35,9,564,584
Australia_White-Tailed_Spider_62.jpg,600,600,White-Tailed Spider,65,62,533,550
Australia_White-Tailed_Spider_64.jpg,600,600,White-Tailed Spider,115,15,523,578
Australia_White-Tailed_Spider_66.jpg,600,600,White-Tailed Spider,36,27,545,552
Australia_White-Tailed_Spider_68.jpg,600,600,White-Tailed Spider,116,50,494,566
Australia_White-Tailed_Spider_70.jpg,600,600,White-Tailed Spider,28,45,553,543
Australia_White-Tailed_Spider_72.jpg,600,600,White-Tailed Spider,88,43,530,532
Australia_White-Tailed_Spider_74.jpg,600,600,White-Tailed Spider,122,156,507,542
Australia_White-Tailed_Spider_76.jpg,600,600,White-Tailed Spider,79,78,472,543
Australia_White-Tailed_Spider_78.jpg,600,600,White-Tailed Spider,141,125,438,525
Australia_White-Tailed_Spider_8.jpg,600,600,White-Tailed Spider,171,7,435,555
Australia_White-Tailed_Spider_80.jpg,600,600,White-Tailed Spider,39,111,572,536
Australia_White-Tailed_Spider_82.jpg,600,600,White-Tailed Spider,116,74,540,503
Australia_White-Tailed_Spider_84.jpg,600,600,White-Tailed Spider,62,41,561,551
Australia_White-Tailed_Spider_86.jpg,600,600,White-Tailed Spider,67,49,576,531
Australia_White-Tailed_Spider_88.jpg,600,600,White-Tailed Spider,358,365,499,565
Australia_White-Tailed_Spider_90.jpg,600,600,White-Tailed Spider,59,32,564,544
Australia_White-Tailed_Spider_94.jpg,600,600,White-Tailed Spider,39,15,568,549
Australia_White-Tailed_Spider_96.jpg,600,600,White-Tailed Spider,21,85,560,541
Australia_White-Tailed_Spider_98.jpg,600,600,White-Tailed Spider,59,32,495,557
Daddy Long Legs Spider_0.jpg,600,600,Daddy Long Legs Spider,275,222,546,397
Daddy Long Legs Spider_10.jpg,600,600,Daddy Long Legs Spider,62,34,533,548
Daddy Long Legs Spider_100.jpg,600,600,Daddy Long Legs Spider,32,49,562,563
Daddy Long Legs Spider_102.jpg,600,600,Daddy Long Legs Spider,17,14,495,600
Daddy Long Legs Spider_104.jpg,600,600,Daddy Long Legs Spider,25,15,582,565
Daddy Long Legs Spider_106.jpg,600,600,Daddy Long Legs Spider,46,83,563,599
Daddy Long Legs Spider_108.jpg,600,600,Daddy Long Legs Spider,49,18,495,600
Daddy Long Legs Spider_110.jpg,600,600,Daddy Long Legs Spider,12,20,600,567
Daddy Long Legs Spider_112.jpg,600,600,Daddy Long Legs Spider,7,2,600,595
Daddy Long Legs Spider_116.jpg,600,600,Daddy Long Legs Spider,3,2,517,551
Daddy Long Legs Spider_118.jpg,600,600,Daddy Long Legs Spider,11,225,555,556
Daddy Long Legs Spider_12.jpg,600,600,Daddy Long Legs Spider,25,49,575,581
Daddy Long Legs Spider_120.jpg,600,600,Daddy Long Legs Spider,82,25,557,553
Daddy Long Legs Spider_122.jpg,600,600,Daddy Long Legs Spider,62,53,566,574
Daddy Long Legs Spider_124.jpg,600,600,Daddy Long Legs Spider,33,45,600,549
Daddy Long Legs Spider_126.jpg,600,600,Daddy Long Legs Spider,65,53,570,538
Daddy Long Legs Spider_128.jpg,600,600,Daddy Long Legs Spider,1,1,596,491
Daddy Long Legs Spider_130.jpg,600,600,Daddy Long Legs Spider,56,50,580,547
Daddy Long Legs Spider_132.jpg,600,600,Daddy Long Legs Spider,20,17,582,566
Daddy Long Legs Spider_134.jpg,600,600,Daddy Long Legs Spider,159,3,570,581
Daddy Long Legs Spider_136.jpg,600,600,Daddy Long Legs Spider,4,3,592,586
Daddy Long Legs Spider_138.jpg,600,600,Daddy Long Legs Spider,110,5,516,600
Daddy Long Legs Spider_14.jpg,600,600,Daddy Long Legs Spider,142,109,459,490
Daddy Long Legs Spider_140.jpg,600,600,Daddy Long Legs Spider,20,9,572,556
Daddy Long Legs Spider_142.jpg,600,600,Daddy Long Legs Spider,36,19,562,567
Daddy Long Legs Spider_144.jpg,600,600,Daddy Long Legs Spider,26,9,567,562
Daddy Long Legs Spider_146.jpg,600,600,Daddy Long Legs Spider,4,2,575,577
Daddy Long Legs Spider_148.jpg,600,600,Daddy Long Legs Spider,28,47,586,486
Daddy Long Legs Spider_150.jpg,600,600,Daddy Long Legs Spider,14,70,580,379
Daddy Long Legs Spider_152.jpg,600,600,Daddy Long Legs Spider,4,10,588,592
Daddy Long Legs Spider_154.jpg,600,600,Daddy Long Legs Spider,201,128,494,497
Daddy Long Legs Spider_156.jpg,600,600,Daddy Long Legs Spider,38,88,562,384
Daddy Long Legs Spider_158.jpg,600,600,Daddy Long Legs Spider,7,6,600,522
Daddy Long Legs Spider_16.jpg,600,600,Daddy Long Legs Spider,4,3,593,575
Daddy Long Legs Spider_160.jpg,600,600,Daddy Long Legs Spider,80,1,467,600
Daddy Long Legs Spider_162.jpg,600,600,Daddy Long Legs Spider,25,26,587,563
Daddy Long Legs Spider_164.jpg,600,600,Daddy Long Legs Spider,12,93,588,546
Daddy Long Legs Spider_170.jpg,600,600,Daddy Long Legs Spider,88,31,549,528
Daddy Long Legs Spider_172.jpg,600,600,Daddy Long Legs Spider,56,60,541,540
Daddy Long Legs Spider_174.jpg,600,600,Daddy Long Legs Spider,15,7,599,572
Daddy Long Legs Spider_176.jpg,600,600,Daddy Long Legs Spider,9,5,318,600
Daddy Long Legs Spider_18.jpg,600,600,Daddy Long Legs Spider,16,18,581,577
Daddy Long Legs Spider_2.jpg,600,600,Daddy Long Legs Spider,10,4,591,362
Daddy Long Legs Spider_20.jpg,600,600,Daddy Long Legs Spider,110,7,541,404
Daddy Long Legs Spider_22.jpg,600,600,Daddy Long Legs Spider,24,56,575,544
Daddy Long Legs Spider_24.jpg,600,600,Daddy Long Legs Spider,17,20,591,600
Daddy Long Legs Spider_26.jpg,600,600,Daddy Long Legs Spider,22,24,582,555
Daddy Long Legs Spider_28.jpg,600,600,Daddy Long Legs Spider,169,75,599,420
Daddy Long Legs Spider_30.jpg,600,600,Daddy Long Legs Spider,49,84,570,523
Daddy Long Legs Spider_32.jpg,600,600,Daddy Long Legs Spider,72,124,600,502
Daddy Long Legs Spider_34.jpg,600,600,Daddy Long Legs Spider,4,23,600,550
Daddy Long Legs Spider_36.jpg,600,600,Daddy Long Legs Spider,20,42,600,457
Daddy Long Legs Spider_38.jpg,600,600,Daddy Long Legs Spider,71,34,563,570
Daddy Long Legs Spider_4.jpg,600,600,Daddy Long Legs Spider,44,32,433,484
Daddy Long Legs Spider_40.jpg,600,600,Daddy Long Legs Spider,12,11,593,594
Daddy Long Legs Spider_42.jpg,600,600,Daddy Long Legs Spider,4,22,600,598
Daddy Long Legs Spider_44.jpg,600,600,Daddy Long Legs Spider,35,24,507,575
Daddy Long Legs Spider_46.jpg,600,600,Daddy Long Legs Spider,91,23,565,591
Daddy Long Legs Spider_48.jpg,600,600,Daddy Long Legs Spider,110,51,448,484
Daddy Long Legs Spider_50.jpg,600,600,Daddy Long Legs Spider,63,18,549,571
Daddy Long Legs Spider_52.jpg,600,600,Daddy Long Legs Spider,76,49,520,547
Daddy Long Legs Spider_54.jpg,600,600,Daddy Long Legs Spider,94,68,576,586
Daddy Long Legs Spider_56.jpg,600,600,Daddy Long Legs Spider,67,29,520,558
Daddy Long Legs Spider_58.jpg,600,600,Daddy Long Legs Spider,71,24,520,573
Daddy Long Legs Spider_6.jpg,600,600,Daddy Long Legs Spider,15,7,591,420
Daddy Long Legs Spider_60.jpg,600,600,Daddy Long Legs Spider,34,39,596,565
Daddy Long Legs Spider_62.jpg,600,600,Daddy Long Legs Spider,16,5,596,594
Daddy Long Legs Spider_64.jpg,600,600,Daddy Long Legs Spider,27,13,577,576
Daddy Long Legs Spider_66.jpg,600,600,Daddy Long Legs Spider,70,39,572,556
Daddy Long Legs Spider_68.jpg,600,600,Daddy Long Legs Spider,57,22,586,491
Daddy Long Legs Spider_70.jpg,600,600,Daddy Long Legs Spider,25,4,600,467
Daddy Long Legs Spider_72.jpg,600,600,Daddy Long Legs Spider,120,5,595,599
Daddy Long Legs Spider_74.jpg,600,600,Daddy Long Legs Spider,45,5,593,436
Daddy Long Legs Spider_76.jpg,600,600,Daddy Long Legs Spider,104,26,539,559
Daddy Long Legs Spider_78.jpg,600,600,Daddy Long Legs Spider,7,5,550,569
Daddy Long Legs Spider_8.jpg,600,600,Daddy Long Legs Spider,18,60,580,573
Daddy Long Legs Spider_80.jpg,600,600,Daddy Long Legs Spider,175,34,551,561
Daddy Long Legs Spider_82.jpg,600,600,Daddy Long Legs Spider,74,2,576,576
Daddy Long Legs Spider_84.jpg,600,600,Daddy Long Legs Spider,50,31,551,548
Daddy Long Legs Spider_86.jpg,600,600,Daddy Long Legs Spider,233,89,585,516
Daddy Long Legs Spider_88.jpg,600,600,Daddy Long Legs Spider,33,46,570,542
Daddy Long Legs Spider_90.jpg,600,600,Daddy Long Legs Spider,6,4,593,404
Daddy Long Legs Spider_92.jpg,600,600,Daddy Long Legs Spider,64,158,483,476
Daddy Long Legs Spider_94.jpg,600,600,Daddy Long Legs Spider,7,2,360,431
Daddy Long Legs Spider_96.jpg,600,600,Daddy Long Legs Spider,11,81,599,600
Daddy Long Legs Spider_98.jpg,600,600,Daddy Long Legs Spider,54,85,545,522
Huntsman Spider_0.jpg,600,600,Huntsman Spider,65,31,557,575
Huntsman Spider_10.jpg,600,600,Huntsman Spider,182,70,367,401
Huntsman Spider_100.jpg,600,600,Huntsman Spider,60,23,493,439
Huntsman Spider_102.jpg,600,600,Huntsman Spider,105,12,528,547
Huntsman Spider_104.jpg,600,600,Huntsman Spider,26,118,521,580
Huntsman Spider_106.jpg,600,600,Huntsman Spider,44,41,582,531
Huntsman Spider_108.jpg,600,600,Huntsman Spider,56,62,579,555
Huntsman Spider_110.jpg,600,600,Huntsman Spider,39,107,507,541
Huntsman Spider_112.jpg,600,600,Huntsman Spider,170,23,438,547
Huntsman Spider_114.jpg,600,600,Huntsman Spider,242,167,391,361
Huntsman Spider_116.jpg,600,600,Huntsman Spider,57,47,500,549
Huntsman Spider_118.jpg,600,600,Huntsman Spider,125,151,412,426
Huntsman Spider_12.jpg,600,600,Huntsman Spider,12,9,592,579
Huntsman Spider_120.jpg,600,600,Huntsman Spider,69,20,525,559
Huntsman Spider_122.jpg,600,600,Huntsman Spider,61,189,531,373
Huntsman Spider_124.jpg,600,600,Huntsman Spider,53,66,551,547
Huntsman Spider_126.jpg,600,600,Huntsman Spider,210,189,424,358
Huntsman Spider_128.jpg,600,600,Huntsman Spider,154,129,486,418
Huntsman Spider_130.jpg,600,600,Huntsman Spider,77,104,458,550
Huntsman Spider_132.jpg,600,600,Huntsman Spider,93,73,576,568
Huntsman Spider_134.jpg,600,600,Huntsman Spider,73,29,580,570
Huntsman Spider_14.jpg,600,600,Huntsman Spider,26,41,600,555
Huntsman Spider_16.jpg,600,600,Huntsman Spider,69,8,503,560
Huntsman Spider_18.jpg,600,600,Huntsman Spider,146,110,533,555
Huntsman Spider_2.jpg,600,600,Huntsman Spider,51,91,578,524
Huntsman Spider_20.jpg,600,600,Huntsman Spider,22,12,580,590
Huntsman Spider_22.jpg,600,600,Huntsman Spider,20,10,493,531
Huntsman Spider_24.jpg,600,600,Huntsman Spider,56,12,377,589
Huntsman Spider_26.jpg,600,600,Huntsman Spider,175,86,463,483
Huntsman Spider_28.jpg,600,600,Huntsman Spider,341,110,453,231
Huntsman Spider_30.jpg,600,600,Huntsman Spider,52,58,567,386
Huntsman Spider_32.jpg,600,600,Huntsman Spider,167,84,496,343
Huntsman Spider_34.jpg,600,600,Huntsman Spider,96,53,503,584
Huntsman Spider_36.jpg,600,600,Huntsman Spider,6,1,573,594
Huntsman Spider_38.jpg,600,600,Huntsman Spider,190,194,384,541
Huntsman Spider_4.jpg,600,600,Huntsman Spider,25,18,586,590
Huntsman Spider_40.jpg,600,600,Huntsman Spider,16,18,513,596
Huntsman Spider_42.jpg,600,600,Huntsman Spider,80,70,475,508
Huntsman Spider_44.jpg,600,600,Huntsman Spider,39,10,472,560
Huntsman Spider_46.jpg,600,600,Huntsman Spider,54,197,546,555
Huntsman Spider_48.jpg,600,600,Huntsman Spider,82,126,517,411
Huntsman Spider_50.jpg,600,600,Huntsman Spider,275,257,320,326
Huntsman Spider_52.jpg,600,600,Huntsman Spider,203,238,359,415
Huntsman Spider_54.jpg,600,600,Huntsman Spider,78,15,491,546
Huntsman Spider_56.jpg,600,600,Huntsman Spider,121,128,594,592
Huntsman Spider_58.jpg,600,600,Huntsman Spider,114,97,420,552
Huntsman Spider_6.jpg,600,600,Huntsman Spider,46,28,588,505
Huntsman Spider_60.jpg,600,600,Huntsman Spider,40,6,488,582
Huntsman Spider_62.jpg,600,600,Huntsman Spider,28,73,570,534
Huntsman Spider_64.jpg,600,600,Huntsman Spider,256,227,558,596
Huntsman Spider_66.jpg,600,600,Huntsman Spider,199,3,428,370
Huntsman Spider_68.jpg,600,600,Huntsman Spider,44,122,547,554
Huntsman Spider_70.jpg,600,600,Huntsman Spider,254,31,419,281
Huntsman Spider_72.jpg,600,600,Huntsman Spider,78,36,541,543
Huntsman Spider_74.jpg,600,600,Huntsman Spider,35,91,499,419
Huntsman Spider_76.jpg,600,600,Huntsman Spider,47,189,197,451
Huntsman Spider_78.jpg,600,600,Huntsman Spider,36,9,549,573
Huntsman Spider_8.jpg,600,600,Huntsman Spider,25,17,327,550
Huntsman Spider_80.jpg,600,600,Huntsman Spider,9,144,599,537
Huntsman Spider_82.jpg,600,600,Huntsman Spider,40,44,494,513
Huntsman Spider_84.jpg,600,600,Huntsman Spider,25,29,575,558
Huntsman Spider_86.jpg,600,600,Huntsman Spider,37,73,547,598
Huntsman Spider_88.jpg,600,600,Huntsman Spider,99,28,520,544
Huntsman Spider_90.jpg,600,600,Huntsman Spider,38,45,564,547
Huntsman Spider_92.jpg,600,600,Huntsman Spider,46,88,560,582
Huntsman Spider_94.jpg,600,600,Huntsman Spider,136,65,433,472
Huntsman Spider_96.jpg,600,600,Huntsman Spider,164,23,449,584
Huntsman Spider_98.jpg,600,600,Huntsman Spider,190,34,358,508
Red Headed Mouse Spider_0.jpg,600,600,Red Headed Mouse Spider,154,120,324,428
Red Headed Mouse Spider_10.jpg,600,600,Red Headed Mouse Spider,48,52,559,511
Red Headed Mouse Spider_100.jpg,600,600,Red Headed Mouse Spider,75,67,538,492
Red Headed Mouse Spider_102.jpg,600,600,Red Headed Mouse Spider,123,70,493,532
Red Headed Mouse Spider_104.jpg,600,600,Red Headed Mouse Spider,28,53,548,534
Red Headed Mouse Spider_106.jpg,600,600,Red Headed Mouse Spider,44,17,568,575
Red Headed Mouse Spider_108.jpg,600,600,Red Headed Mouse Spider,140,44,464,557
Red Headed Mouse Spider_110.jpg,600,600,Red Headed Mouse Spider,51,31,545,559
Red Headed Mouse Spider_112.jpg,600,600,Red Headed Mouse Spider,107,157,301,428
Red Headed Mouse Spider_114.jpg,600,600,Red Headed Mouse Spider,20,6,570,560
Red Headed Mouse Spider_116.jpg,600,600,Red Headed Mouse Spider,58,82,544,518
Red Headed Mouse Spider_118.jpg,600,600,Red Headed Mouse Spider,55,87,549,518
Red Headed Mouse Spider_12.jpg,600,600,Red Headed Mouse Spider,35,35,582,492
Red Headed Mouse Spider_120.jpg,600,600,Red Headed Mouse Spider,38,86,584,544
Red Headed Mouse Spider_122.jpg,600,600,Red Headed Mouse Spider,57,17,558,565
Red Headed Mouse Spider_124.jpg,600,600,Red Headed Mouse Spider,117,103,438,501
Red Headed Mouse Spider_126.jpg,600,600,Red Headed Mouse Spider,141,148,495,581
Red Headed Mouse Spider_128.jpg,600,600,Red Headed Mouse Spider,141,128,464,432
Red Headed Mouse Spider_130.jpg,600,600,Red Headed Mouse Spider,110,111,480,565
Red Headed Mouse Spider_132.jpg,600,600,Red Headed Mouse Spider,61,39,582,555
Red Headed Mouse Spider_134.jpg,600,600,Red Headed Mouse Spider,244,186,489,495
Red Headed Mouse Spider_136.jpg,600,600,Red Headed Mouse Spider,120,20,561,557
Red Headed Mouse Spider_138.jpg,600,600,Red Headed Mouse Spider,85,118,530,565
Red Headed Mouse Spider_14.jpg,600,600,Red Headed Mouse Spider,185,190,377,368
Red Headed Mouse Spider_140.jpg,600,600,Red Headed Mouse Spider,62,47,552,558
Red Headed Mouse Spider_142.jpg,600,600,Red Headed Mouse Spider,91,33,523,534
Red Headed Mouse Spider_144.jpg,600,600,Red Headed Mouse Spider,75,71,488,562
Red Headed Mouse Spider_146.jpg,600,600,Red Headed Mouse Spider,246,164,370,372
Red Headed Mouse Spider_148.jpg,600,600,Red Headed Mouse Spider,136,126,488,471
Red Headed Mouse Spider_150.jpg,600,600,Red Headed Mouse Spider,99,45,540,555
Red Headed Mouse Spider_152.jpg,600,600,Red Headed Mouse Spider,164,70,433,455
Red Headed Mouse Spider_154.jpg,600,600,Red Headed Mouse Spider,40,86,280,488
Red Headed Mouse Spider_156.jpg,600,600,Red Headed Mouse Spider,50,17,512,547
Red Headed Mouse Spider_158.jpg,600,600,Red Headed Mouse Spider,33,19,593,565
Red Headed Mouse Spider_16.jpg,600,600,Red Headed Mouse Spider,199,164,381,372
Red Headed Mouse Spider_160.jpg,600,600,Red Headed Mouse Spider,162,112,520,520
Red Headed Mouse Spider_162.jpg,600,600,Red Headed Mouse Spider,106,5,495,570
Red Headed Mouse Spider_164.jpg,600,600,Red Headed Mouse Spider,10,2,586,598
Red Headed Mouse Spider_166.jpg,600,600,Red Headed Mouse Spider,164,60,526,544
Red Headed Mouse Spider_168.jpg,600,600,Red Headed Mouse Spider,95,144,541,513
Red Headed Mouse Spider_170.jpg,600,600,Red Headed Mouse Spider,278,212,382,367
Red Headed Mouse Spider_172.jpg,600,600,Red Headed Mouse Spider,32,54,559,531
Red Headed Mouse Spider_18.jpg,600,600,Red Headed Mouse Spider,111,57,530,535
Red Headed Mouse Spider_2.jpg,600,600,Red Headed Mouse Spider,199,164,397,308
Red Headed Mouse Spider_20.jpg,600,600,Red Headed Mouse Spider,357,202,573,394
Red Headed Mouse Spider_22.jpg,600,600,Red Headed Mouse Spider,203,114,470,480
Red Headed Mouse Spider_24.jpg,600,600,Red Headed Mouse Spider,85,75,386,502
Red Headed Mouse Spider_26.jpg,600,600,Red Headed Mouse Spider,25,14,502,527
Red Headed Mouse Spider_28.jpg,600,600,Red Headed Mouse Spider,156,165,436,423
Red Headed Mouse Spider_30.jpg,600,600,Red Headed Mouse Spider,96,174,557,505
Red Headed Mouse Spider_32.jpg,600,600,Red Headed Mouse Spider,177,173,427,341
Red Headed Mouse Spider_34.jpg,600,600,Red Headed Mouse Spider,37,182,566,486
Red Headed Mouse Spider_36.jpg,600,600,Red Headed Mouse Spider,39,55,496,549
Red Headed Mouse Spider_38.jpg,600,600,Red Headed Mouse Spider,108,57,519,546
Red Headed Mouse Spider_4.jpg,600,600,Red Headed Mouse Spider,30,23,553,562
Red Headed Mouse Spider_40.jpg,600,600,Red Headed Mouse Spider,19,105,578,518
Red Headed Mouse Spider_42.jpg,600,600,Red Headed Mouse Spider,217,208,417,409
Red Headed Mouse Spider_44.jpg,600,600,Red Headed Mouse Spider,54,156,537,515
Red Headed Mouse Spider_46.jpg,600,600,Red Headed Mouse Spider,225,111,333,341
Red Headed Mouse Spider_48.jpg,600,600,Red Headed Mouse Spider,242,204,468,471
Red Headed Mouse Spider_50.jpg,600,600,Red Headed Mouse Spider,96,30,397,600
Red Headed Mouse Spider_52.jpg,600,600,Red Headed Mouse Spider,98,63,452,558
Red Headed Mouse Spider_54.jpg,600,600,Red Headed Mouse Spider,132,101,492,505
Red Headed Mouse Spider_56.jpg,600,600,Red Headed Mouse Spider,138,17,490,555
Red Headed Mouse Spider_58.jpg,600,600,Red Headed Mouse Spider,222,126,541,479
Red Headed Mouse Spider_6.jpg,600,600,Red Headed Mouse Spider,192,173,453,492
Red Headed Mouse Spider_60.jpg,600,600,Red Headed Mouse Spider,104,25,530,552
Red Headed Mouse Spider_62.jpg,600,600,Red Headed Mouse Spider,122,68,475,491
Red Headed Mouse Spider_64.jpg,600,600,Red Headed Mouse Spider,136,76,533,521
Red Headed Mouse Spider_66.jpg,600,600,Red Headed Mouse Spider,182,189,441,434
Red Headed Mouse Spider_68.jpg,600,600,Red Headed Mouse Spider,135,210,414,463
Red Headed Mouse Spider_70.jpg,600,600,Red Headed Mouse Spider,102,82,479,486
Red Headed Mouse Spider_72.jpg,600,600,Red Headed Mouse Spider,111,55,463,544
Red Headed Mouse Spider_74.jpg,600,600,Red Headed Mouse Spider,86,56,450,518
Red Headed Mouse Spider_76.jpg,600,600,Red Headed Mouse Spider,107,38,493,545
Red Headed Mouse Spider_78.jpg,600,600,Red Headed Mouse Spider,57,47,565,595
Red Headed Mouse Spider_8.jpg,600,600,Red Headed Mouse Spider,68,154,499,549
Red Headed Mouse Spider_80.jpg,600,600,Red Headed Mouse Spider,127,165,456,536
Red Headed Mouse Spider_82.jpg,600,600,Red Headed Mouse Spider,158,196,410,380
Red Headed Mouse Spider_84.jpg,600,600,Red Headed Mouse Spider,185,143,409,395
Red Headed Mouse Spider_86.jpg,600,600,Red Headed Mouse Spider,32,26,496,574
Red Headed Mouse Spider_88.jpg,600,600,Red Headed Mouse Spider,141,57,451,524
Red Headed Mouse Spider_90.jpg,600,600,Red Headed Mouse Spider,191,192,409,479
Red Headed Mouse Spider_92.jpg,600,600,Red Headed Mouse Spider,26,31,580,540
Red Headed Mouse Spider_94.jpg,600,600,Red Headed Mouse Spider,43,17,564,572
Red Headed Mouse Spider_96.jpg,600,600,Red Headed Mouse Spider,133,4,476,594
Red Headed Mouse Spider_98.jpg,600,600,Red Headed Mouse Spider,104,113,525,470
St Andrew’s Cross Spider_0.jpg,600,600,St Andrew's Cross Spider,88,116,434,478
St Andrew’s Cross Spider_10.jpg,600,600,St Andrew's Cross Spider,91,18,393,533
St Andrew’s Cross Spider_100.jpg,600,600,St Andrew's Cross Spider,132,57,415,529
St Andrew’s Cross Spider_102.jpg,600,600,St Andrew's Cross Spider,221,179,354,481
St Andrew’s Cross Spider_104.jpg,600,600,St Andrew's Cross Spider,148,32,446,542
St Andrew’s Cross Spider_106.jpg,600,600,St Andrew's Cross Spider,266,261,334,402
St Andrew’s Cross Spider_108.jpg,600,600,St Andrew's Cross Spider,129,166,389,508
St Andrew’s Cross Spider_110.jpg,600,600,St Andrew's Cross Spider,169,56,388,563
St Andrew’s Cross Spider_112.jpg,600,600,St Andrew's Cross Spider,181,57,469,555
St Andrew’s Cross Spider_114.jpg,600,600,St Andrew's Cross Spider,280,289,462,452
St Andrew’s Cross Spider_116.jpg,600,600,St Andrew's Cross Spider,135,62,504,491
St Andrew’s Cross Spider_118.jpg,600,600,St Andrew's Cross Spider,202,107,416,481
St Andrew’s Cross Spider_12.jpg,600,600,St Andrew's Cross Spider,107,23,488,586
St Andrew’s Cross Spider_120.jpg,600,600,St Andrew's Cross Spider,72,109,471,529
St Andrew’s Cross Spider_122.jpg,600,600,St Andrew's Cross Spider,186,44,460,489
St Andrew’s Cross Spider_124.jpg,600,600,St Andrew's Cross Spider,154,117,349,402
St Andrew’s Cross Spider_126.jpg,600,600,St Andrew's Cross Spider,9,32,563,570
St Andrew’s Cross Spider_128.jpg,600,600,St Andrew's Cross Spider,214,112,501,405
St Andrew’s Cross Spider_130.jpg,600,600,St Andrew's Cross Spider,212,170,436,539
St Andrew’s Cross Spider_132.jpg,600,600,St Andrew's Cross Spider,191,218,424,439
St Andrew’s Cross Spider_134.jpg,600,600,St Andrew's Cross Spider,31,54,549,569
St Andrew’s Cross Spider_136.jpg,600,600,St Andrew's Cross Spider,66,116,555,526
St Andrew’s Cross Spider_138.jpg,600,600,St Andrew's Cross Spider,217,130,430,439
St Andrew’s Cross Spider_14.jpg,600,600,St Andrew's Cross Spider,177,55,484,538
St Andrew’s Cross Spider_140.jpg,600,600,St Andrew's Cross Spider,209,3,524,600
St Andrew’s Cross Spider_142.jpg,600,600,St Andrew's Cross Spider,21,104,415,496
St Andrew’s Cross Spider_144.jpg,600,600,St Andrew's Cross Spider,227,202,438,500
St Andrew’s Cross Spider_146.jpg,600,600,St Andrew's Cross Spider,211,211,301,348
St Andrew’s Cross Spider_148.jpg,600,600,St Andrew's Cross Spider,129,102,564,525
St Andrew’s Cross Spider_150.jpg,600,600,St Andrew's Cross Spider,248,164,353,351
St Andrew’s Cross Spider_152.jpg,600,600,St Andrew's Cross Spider,173,64,452,572
St Andrew’s Cross Spider_154.jpg,600,600,St Andrew's Cross Spider,162,60,430,520
St Andrew’s Cross Spider_156.jpg,600,600,St Andrew's Cross Spider,36,76,473,436
St Andrew’s Cross Spider_158.jpg,600,600,St Andrew's Cross Spider,236,184,389,418
St Andrew’s Cross Spider_16.jpg,600,600,St Andrew's Cross Spider,178,89,448,462
St Andrew’s Cross Spider_160.jpg,600,600,St Andrew's Cross Spider,143,84,484,452
St Andrew’s Cross Spider_162.jpg,600,600,St Andrew's Cross Spider,122,133,246,417
St Andrew’s Cross Spider_164.jpg,600,600,St Andrew's Cross Spider,120,254,468,543
St Andrew’s Cross Spider_166.jpg,600,600,St Andrew's Cross Spider,151,23,478,552
St Andrew’s Cross Spider_168.jpg,600,600,St Andrew's Cross Spider,86,176,474,542
St Andrew’s Cross Spider_170.jpg,600,600,St Andrew's Cross Spider,95,58,570,476
St Andrew’s Cross Spider_18.jpg,600,600,St Andrew's Cross Spider,102,39,477,573
St Andrew’s Cross Spider_2.jpg,600,600,St Andrew's Cross Spider,151,64,424,562
St Andrew’s Cross Spider_20.jpg,600,600,St Andrew's Cross Spider,196,89,401,489
St Andrew’s Cross Spider_22.jpg,600,600,St Andrew's Cross Spider,167,57,450,539
St Andrew’s Cross Spider_24.jpg,600,600,St Andrew's Cross Spider,167,68,425,563
St Andrew’s Cross Spider_26.jpg,600,600,St Andrew's Cross Spider,257,15,446,584
St Andrew’s Cross Spider_28.jpg,600,600,St Andrew's Cross Spider,154,19,403,568
St Andrew’s Cross Spider_30.jpg,600,600,St Andrew's Cross Spider,275,237,472,420
St Andrew’s Cross Spider_32.jpg,600,600,St Andrew's Cross Spider,107,18,398,575
St Andrew’s Cross Spider_34.jpg,600,600,St Andrew's Cross Spider,180,97,421,535
St Andrew’s Cross Spider_36.jpg,600,600,St Andrew's Cross Spider,179,159,454,484
St Andrew’s Cross Spider_38.jpg,600,600,St Andrew's Cross Spider,202,101,434,481
St Andrew’s Cross Spider_4.jpg,600,600,St Andrew's Cross Spider,125,29,514,502
St Andrew’s Cross Spider_40.jpg,600,600,St Andrew's Cross Spider,143,91,491,456
St Andrew’s Cross Spider_42.jpg,600,600,St Andrew's Cross Spider,13,72,588,507
St Andrew’s Cross Spider_44.jpg,600,600,St Andrew's Cross Spider,55,7,571,584
St Andrew’s Cross Spider_46.jpg,600,600,St Andrew's Cross Spider,172,31,490,578
St Andrew’s Cross Spider_48.jpg,600,600,St Andrew's Cross Spider,175,17,531,412
St Andrew’s Cross Spider_50.jpg,600,600,St Andrew's Cross Spider,206,99,476,415
St Andrew’s Cross Spider_52.jpg,600,600,St Andrew's Cross Spider,69,21,541,576
St Andrew’s Cross Spider_54.jpg,600,600,St Andrew's Cross Spider,205,120,416,430
St Andrew’s Cross Spider_56.jpg,600,600,St Andrew's Cross Spider,115,76,369,542
St Andrew’s Cross Spider_58.jpg,600,600,St Andrew's Cross Spider,167,190,397,554
St Andrew’s Cross Spider_6.jpg,600,600,St Andrew's Cross Spider,170,47,429,510
St Andrew’s Cross Spider_60.jpg,600,600,St Andrew's Cross Spider,189,29,422,565
St Andrew’s Cross Spider_62.jpg,600,600,St Andrew's Cross Spider,257,184,360,379
St Andrew’s Cross Spider_64.jpg,600,600,St Andrew's Cross Spider,118,73,483,513
St Andrew’s Cross Spider_66.jpg,600,600,St Andrew's Cross Spider,264,235,409,410
St Andrew’s Cross Spider_68.jpg,600,600,St Andrew's Cross Spider,201,107,428,420
St Andrew’s Cross Spider_70.jpg,600,600,St Andrew's Cross Spider,67,36,527,568
St Andrew’s Cross Spider_72.jpg,600,600,St Andrew's Cross Spider,222,135,391,428
St Andrew’s Cross Spider_74.jpg,600,600,St Andrew's Cross Spider,126,127,490,497
St Andrew’s Cross Spider_76.jpg,600,600,St Andrew's Cross Spider,199,202,390,399
St Andrew’s Cross Spider_78.jpg,600,600,St Andrew's Cross Spider,86,125,399,436
St Andrew’s Cross Spider_8.jpg,600,600,St Andrew's Cross Spider,58,47,543,562
St Andrew’s Cross Spider_80.jpg,600,600,St Andrew's Cross Spider,173,76,391,494
St Andrew’s Cross Spider_82.jpg,600,600,St Andrew's Cross Spider,81,73,537,468
St Andrew’s Cross Spider_84.jpg,600,600,St Andrew's Cross Spider,271,181,392,402
St Andrew’s Cross Spider_86.jpg,600,600,St Andrew's Cross Spider,180,92,395,541
St Andrew’s Cross Spider_88.jpg,600,600,St Andrew's Cross Spider,90,15,499,570
St Andrew’s Cross Spider_90.jpg,600,600,St Andrew's Cross Spider,125,136,424,576
St Andrew’s Cross Spider_92.jpg,600,600,St Andrew's Cross Spider,212,131,398,477
St Andrew’s Cross Spider_94.jpg,600,600,St Andrew's Cross Spider,46,10,485,600
St Andrew’s Cross Spider_96.jpg,600,600,St Andrew's Cross Spider,101,7,506,588
St Andrew’s Cross Spider_98.jpg,600,600,St Andrew's Cross Spider,45,24,552,525
Sydney_Funnel_Web_Spider_0.jpg,600,600,Funnel Web Spider,34,62,578,581
Sydney_Funnel_Web_Spider_10.jpg,600,600,Funnel Web Spider,48,4,567,589
Sydney_Funnel_Web_Spider_101.jpg,600,600,Funnel Web Spider,51,34,551,568
Sydney_Funnel_Web_Spider_103.jpg,600,600,Funnel Web Spider,41,35,582,550
Sydney_Funnel_Web_Spider_105.jpg,600,600,Funnel Web Spider,37,31,580,570
Sydney_Funnel_Web_Spider_107.jpg,600,600,Funnel Web Spider,107,20,548,515
Sydney_Funnel_Web_Spider_109.jpg,600,600,Funnel Web Spider,81,49,474,544
Sydney_Funnel_Web_Spider_111.jpg,600,600,Funnel Web Spider,53,35,547,560
Sydney_Funnel_Web_Spider_113.jpg,600,600,Funnel Web Spider,29,24,574,560
Sydney_Funnel_Web_Spider_115.jpg,600,600,Funnel Web Spider,26,36,588,582
Sydney_Funnel_Web_Spider_117.jpg,600,600,Funnel Web Spider,88,101,480,512
Sydney_Funnel_Web_Spider_119.jpg,600,600,Funnel Web Spider,73,36,493,568
Sydney_Funnel_Web_Spider_12.jpg,600,600,Funnel Web Spider,85,154,570,552
Sydney_Funnel_Web_Spider_121.jpg,600,600,Funnel Web Spider,67,26,556,576
Sydney_Funnel_Web_Spider_123.jpg,600,600,Funnel Web Spider,17,17,562,549
Sydney_Funnel_Web_Spider_125.jpg,600,600,Funnel Web Spider,80,100,538,494
Sydney_Funnel_Web_Spider_127.jpg,600,600,Funnel Web Spider,114,19,487,547
Sydney_Funnel_Web_Spider_129.jpg,600,600,Funnel Web Spider,111,60,572,491
Sydney_Funnel_Web_Spider_131.jpg,600,600,Funnel Web Spider,54,117,561,478
Sydney_Funnel_Web_Spider_133.jpg,600,600,Funnel Web Spider,158,44,468,568
Sydney_Funnel_Web_Spider_135.jpg,600,600,Funnel Web Spider,39,207,597,505
Sydney_Funnel_Web_Spider_137.jpg,600,600,Funnel Web Spider,20,50,551,533
Sydney_Funnel_Web_Spider_139.jpg,600,600,Funnel Web Spider,30,31,554,558
Sydney_Funnel_Web_Spider_14.jpg,600,600,Funnel Web Spider,120,15,459,553
Sydney_Funnel_Web_Spider_145.jpg,600,600,Funnel Web Spider,77,70,498,499
Sydney_Funnel_Web_Spider_147.jpg,600,600,Funnel Web Spider,70,21,538,576
Sydney_Funnel_Web_Spider_149.jpg,600,600,Funnel Web Spider,21,55,583,534
Sydney_Funnel_Web_Spider_151.jpg,600,600,Funnel Web Spider,153,65,514,480
Sydney_Funnel_Web_Spider_153.jpg,600,600,Funnel Web Spider,23,60,528,528
Sydney_Funnel_Web_Spider_155.jpg,600,600,Funnel Web Spider,67,43,476,541
Sydney_Funnel_Web_Spider_157.jpg,600,600,Funnel Web Spider,82,217,546,445
Sydney_Funnel_Web_Spider_159.jpg,600,600,Funnel Web Spider,42,7,543,572
Sydney_Funnel_Web_Spider_16.jpg,600,600,Funnel Web Spider,6,1,570,578
Sydney_Funnel_Web_Spider_163.jpg,600,600,Funnel Web Spider,37,34,550,571
Sydney_Funnel_Web_Spider_165.jpg,600,600,Funnel Web Spider,39,15,571,572
Sydney_Funnel_Web_Spider_167.jpg,600,600,Funnel Web Spider,17,9,596,576
Sydney_Funnel_Web_Spider_169.jpg,600,600,Funnel Web Spider,41,25,543,584
Sydney_Funnel_Web_Spider_18.jpg,600,600,Funnel Web Spider,80,37,504,550
Sydney_Funnel_Web_Spider_2.jpg,600,600,Funnel Web Spider,146,13,551,571
Sydney_Funnel_Web_Spider_20.jpg,600,600,Funnel Web Spider,5,7,586,595
Sydney_Funnel_Web_Spider_22.jpg,600,600,Funnel Web Spider,78,7,491,543
Sydney_Funnel_Web_Spider_26.jpg,600,600,Funnel Web Spider,196,76,534,581
Sydney_Funnel_Web_Spider_28.jpg,600,600,Funnel Web Spider,178,62,513,567
Sydney_Funnel_Web_Spider_30.jpg,600,600,Funnel Web Spider,126,15,497,591
Sydney_Funnel_Web_Spider_32.jpg,600,600,Funnel Web Spider,125,17,542,579
Sydney_Funnel_Web_Spider_34.jpg,600,600,Funnel Web Spider,9,84,547,536
Sydney_Funnel_Web_Spider_36.jpg,600,600,Funnel Web Spider,17,63,523,415
Sydney_Funnel_Web_Spider_38.jpg,600,600,Funnel Web Spider,33,3,536,600
Sydney_Funnel_Web_Spider_4.jpg,600,600,Funnel Web Spider,108,168,559,467
Sydney_Funnel_Web_Spider_42.jpg,600,600,Funnel Web Spider,102,78,530,520
Sydney_Funnel_Web_Spider_44.jpg,600,600,Funnel Web Spider,87,49,564,553
Sydney_Funnel_Web_Spider_46.jpg,600,600,Funnel Web Spider,57,18,543,581
Sydney_Funnel_Web_Spider_48.jpg,600,600,Funnel Web Spider,17,15,561,578
Sydney_Funnel_Web_Spider_50.jpg,600,600,Funnel Web Spider,120,78,478,499
Sydney_Funnel_Web_Spider_52.jpg,600,600,Funnel Web Spider,180,15,499,517
Sydney_Funnel_Web_Spider_56.jpg,600,600,Funnel Web Spider,22,92,595,580
Sydney_Funnel_Web_Spider_58.jpg,600,600,Funnel Web Spider,141,53,542,549
Sydney_Funnel_Web_Spider_6.jpg,600,600,Funnel Web Spider,72,44,541,559
Sydney_Funnel_Web_Spider_60.jpg,600,600,Funnel Web Spider,75,26,543,560
Sydney_Funnel_Web_Spider_62.jpg,600,600,Funnel Web Spider,49,21,555,558
Sydney_Funnel_Web_Spider_64.jpg,600,600,Funnel Web Spider,48,34,554,548
Sydney_Funnel_Web_Spider_66.jpg,600,600,Funnel Web Spider,72,16,382,591
Sydney_Funnel_Web_Spider_70.jpg,600,600,Funnel Web Spider,42,23,564,542
Sydney_Funnel_Web_Spider_72.jpg,600,600,Funnel Web Spider,34,36,562,547
Sydney_Funnel_Web_Spider_74.jpg,600,600,Funnel Web Spider,18,12,597,581
Sydney_Funnel_Web_Spider_78.jpg,600,600,Funnel Web Spider,109,20,505,582
Sydney_Funnel_Web_Spider_8.jpg,600,600,Funnel Web Spider,101,35,540,528
Sydney_Funnel_Web_Spider_85.jpg,600,600,Funnel Web Spider,82,37,553,560
Sydney_Funnel_Web_Spider_87.jpg,600,600,Funnel Web Spider,151,90,516,553
Sydney_Funnel_Web_Spider_89.jpg,600,600,Funnel Web Spider,33,31,600,401
Sydney_Funnel_Web_Spider_91.jpg,600,600,Funnel Web Spider,133,18,474,558
Sydney_Funnel_Web_Spider_93.jpg,600,600,Funnel Web Spider,23,34,597,590
Sydney_Funnel_Web_Spider_95.jpg,600,600,Funnel Web Spider,38,46,579,550
Sydney_Funnel_Web_Spider_97.jpg,600,600,Funnel Web Spider,141,31,399,550
Sydney_Funnel_Web_Spider_99.jpg,600,600,Funnel Web Spider,117,64,486,520
